{"cameraMode":{"drawMode":0,"name":"Shaded","section":"Shading Mode"},"sceneLighting":true,"audioPlay":false,"sceneViewState":{"m_AlwaysRefresh":false,"showFog":true,"showSkybox":true,"showFlares":true,"showImageEffects":true,"showParticleSystems":true,"showVisualEffectGraphs":true,"m_FxEnabled":true},"in2DMode":false,"pivot":{"x":-1.2611215114593506,"y":2.8500661849975588,"z":10.203783988952637},"rotation":{"x":-0.04203718155622482,"y":0.9437822699546814,"z":-0.300042062997818,"w":-0.13222898542881013},"size":1.2247449159622193,"orthographic":false}