{"cameraMode":{"drawMode":0,"name":"Shaded","section":"Shading Mode"},"sceneLighting":true,"audioPlay":false,"sceneViewState":{"m_AlwaysRefresh":false,"showFog":true,"showSkybox":true,"showFlares":true,"showImageEffects":true,"showParticleSystems":true,"showVisualEffectGraphs":true,"m_FxEnabled":true},"in2DMode":false,"pivot":{"x":0.9122592806816101,"y":0.9526170492172241,"z":-6.252148151397705},"rotation":{"x":0.08769937604665756,"y":-0.7468618750572205,"z":0.1005379855632782,"w":0.6514760255813599},"size":2.0621590614318849,"orthographic":false}