{"cameraMode":{"drawMode":0,"name":"Shaded","section":"Shading Mode"},"sceneLighting":false,"audioPlay":false,"sceneViewState":{"m_AlwaysRefresh":false,"showFog":true,"showSkybox":false,"showFlares":true,"showImageEffects":true,"showParticleSystems":true,"showVisualEffectGraphs":true,"m_FxEnabled":true},"in2DMode":false,"pivot":{"x":0.041999995708465579,"y":0.4050000011920929,"z":-0.0020000040531158449},"rotation":{"x":-0.16542239487171174,"y":0.7090793251991272,"z":-0.17714247107505799,"w":-0.6621655225753784},"size":0.32042941451072695,"orthographic":false}